id,name,description,category,price,rating,review_count,image_url,brand
amz_00000,Craft-tastic – Empower Poster – Craft Kit – Design a One-of-a-Kind Inspirational Poster,PERFECT GIFT FOR AGES 8 AND ABOVE: Make this feel-good poster by choosing the empowering words that describe why you're wonderful and truly unique.,Toys & Games,14.47,4.2,363,https://images-na.ssl-images-amazon.com/images/I/51FUt3TYecL.jpg,Craft-tastic
amz_00001,"Melissa & Doug Dot-to-Dot# & Letter Coloring Pad 3 Pack (ABC Farm, 123 Pets, ABC-123 Wild Animals)","3 jumbo connect-the-dots coloring pads ABC farm, 123 pets, abc-123 wild animals.",Toys & Games,12.74,5.3,189,https://images-na.ssl-images-amazon.com/images/I/519VDtJVFUL.jpg,Melissa
amz_00002,"RPM Rear Shock Tower for The Nitro Slash, Nitro Stampede, Nitro Rustler and Nitro Sport, Black",Great Condition.,Toys & Games,9.06,4.7,68,https://images-na.ssl-images-amazon.com/images/I/31YLSJqkesL.jpg,RPM
amz_00003,Disney Pixar Cars Mini Racers Crank & Crash Derby Playset,Disney/Pixar Cars 3 new Crazy 8 track.,Toys & Games,27.85,5.5,491,https://images-na.ssl-images-amazon.com/images/I/51lpdO%2BMxEL.jpg,Disney
amz_00004,Areaware Cubebot Small,Great Condition.,Toys & Games,28.92,4.7,241,https://images-na.ssl-images-amazon.com/images/I/3164WWknDzL.jpg,Areaware
amz_00005,"Melissa & Doug Giddy-Up & Play Baby Activity Toy (Multi-Sensory Horse, Great Gift for Girls and Boys - Best for Babies and Toddlers, 9 Month Olds, 1 and 2 Year Olds)","ENTERTAINING HORSE ACTIVITY TOY: Melissa and Doug Giddy-Up and Play Baby Activity Toy features many textures and sounds, including a rubber horseshoe that clicks and turns, rattling reins, and a crinkling mane and ears.",Toys & Games,57.5,4.9,152,https://images-na.ssl-images-amazon.com/images/I/41qM8jMJ4WL.jpg,Melissa
amz_00006,Costume Sunglasses Clown from IT Sun-Staches Party Favors UV400,All Sun-Staches Sunglasses provide 100% UV400 protection and impact resistant lenses because we care.,Toys & Games,5.99,4.7,328,https://images-na.ssl-images-amazon.com/images/I/51EolpdzngL.jpg,Costume
amz_00007,Battlefield 1 - Xbox One,Battlefield 1 XBOX One is now available for unlimited play in the EA Access Vault.,Video Games,10.0,2.7,211,https://images-na.ssl-images-amazon.com/images/I/61-K9dut4ZL.jpg,Battlefield
amz_00008,"Propel Trampolines PTS55-RE Junior Trampoline with Enclosure, 55"", Red",A safe and fun trampoline for your little ones.,Sports & Outdoors,129.99,4.7,555,https://images-na.ssl-images-amazon.com/images/I/51Z4nwhL2aL.jpg,Propel
amz_00009,"Rubie's Storybook Princess Child's Costume Wig, Black Curls",Perfect for princess or other fairy tale costumes.,Toys & Games,5.39,1.7,54,https://images-na.ssl-images-amazon.com/images/I/511q%2ByMlm7L.jpg,Rubie's
amz_00010,Enchantimals Lorna Lamb Doll,"The Enchantimals doll wears an outfit and shoes with bright colors, whimsical print and furry touches.",Toys & Games,8.13,3.7,679,https://images-na.ssl-images-amazon.com/images/I/41fcaJhtOQL.jpg,Enchantimals
amz_00011,HANSA True-to-Life Laying Baby Reindeer,Cuddly.,Toys & Games,325.73,5.2,206,https://images-na.ssl-images-amazon.com/images/I/21OMFJ0AMML.jpg,HANSA
amz_00012,"Pop Decors""I am just a Girl who Wishes for The World-Marilyn Monroe"" Wall Stickers","Do not use on textured walls orange, sandy, and grainy, fresh paint less than 14 days and low VOC Volatile organic compound paint.",Baby Products,19.18,5.1,403,https://images-na.ssl-images-amazon.com/images/I/51xrYINiT7L.jpg,Pop
amz_00013,"Tiny Tukkins Playset Assortment with Plush Stuffed Character, Bunny","3 different themes to collect Naptime Nursery, Preschool, Play Room.",Toys & Games,12.97,2.7,189,https://images-na.ssl-images-amazon.com/images/I/41jFtMvodbL.jpg,Tiny
amz_00014,Manhattan Toy Groovy Girls Special Edition April New 2019 Release Soft Fashion Doll,From Manhattan Toy's multiple award-winning Groovy Girls collection of soft fashion dolls and accessories.,Toys & Games,12.87,5.0,783,https://images-na.ssl-images-amazon.com/images/I/31q%2B4lyIaaL.jpg,Manhattan
amz_00015,"JC Toys La Newborn All-Vinyl-Anatomically Correct Real Girl 15"" Doll in White Eyelet Dress with Fluffy Bunny and Accessories Designed by Berenguer",Made by JC Toys – the only baby doll manufacturer with over 30 years’ experience with real-life baby dolls.,Toys & Games,43.53,4.7,315,https://images-na.ssl-images-amazon.com/images/I/514axhxBmiL.jpg,Generic
amz_00016,"Mi Zone Kids Sealife Full Kids Bedding Sets for Boys - Blue, Octopus – 8 Pieces Boy Comforter Set – Ultra Soft Microfiber Kid Childrens Bedroom Comforters","Comforter/Sham: 85gsm 2.5oz/yd² polyester microfiber, printed, brushed microfiber reverse, 200g/sqm 6oz/syd polyester filling Pillow: 100% polyester microfiber shell, 100% polyester filling Sheet set: 100% polyester microfiber printed.",Home & Kitchen,59.97,4.4,780,https://images-na.ssl-images-amazon.com/images/I/51qm1fInjjL.jpg,Generic
amz_00017,"AND1 Over The Door Mini Hoop: Easy to Install Portable Basketball Hoop with Steel Rim, Includes Mini Basketball, Indoor Game Set for Children and Adults",Lightweight Mini basketball: includes a deflated 5” mini basketball made for indoor Use.,Toys & Games,24.99,5.2,567,https://images-na.ssl-images-amazon.com/images/I/41tQSROmfWL.jpg,AND1
amz_00018,KODAK PREMIUM PUZZLES Hot Air Balloons Inflate On The Ground Michigan Jigsaw Puzzle,"Extra large, fully interlocking, unique shaped pieces.",Toys & Games,9.99,3.1,262,https://images-na.ssl-images-amazon.com/images/I/61PnidisXkL.jpg,KODAK
amz_00019,Smart Play Ingenio Colors & Shapes Memory Match Game,Great for multiple kids to play together and solve the puzzle.,Toys & Games,15.2,4.3,184,https://images-na.ssl-images-amazon.com/images/I/41WO3JCfV5L.jpg,Smart
amz_00020,"Educational Insights Rainbow Prancers Puppet-on-a-Stick, Box Of 3","Prance into pretend play with Twinkle, Shine, and Dazzle, three playful puppets on sticks.",Toys & Games,29.26,4.8,129,https://images-na.ssl-images-amazon.com/images/I/31RQ2VWZ9lL.jpg,Educational
amz_00021,"3dRose db_48979_1 African Safari Silhouette Drawing Book, 8 by 8-Inch","50 pages, 8 x 7.75 Inch - page thickness is 80lb text.",Toys & Games,28.72,5.5,234,https://images-na.ssl-images-amazon.com/images/I/51k5zZyGvfL.jpg,3dRose
amz_00022,"Melissa & Doug Examine & Treat Pet Vet Play Set - The Original (Kids Toy Best for 3, 4, 5 Year Olds and Up) & Veterinarian Role-Play Costume Set, Machine-Washable, 17.5” H x 24” W x 0.75” L","COMPLETE VET SET WITH PETS: The Melissa and Doug Examine and Treat Pet Vet Play Set is a 24 piece set with a plush dog and cat, pretend play vet medical equipment, and a tote bag for easy storage.",Toys & Games,46.8,1.4,5,https://images-na.ssl-images-amazon.com/images/I/412qmxFHX6L.jpg,Melissa
amz_00023,"Marvel Guardians of The Galaxy Big Blastin' Rocket Raccoon Figure, 10 Inch",Awesome electronic Rocket Raccoon figure stands 10 inches tall.,Toys & Games,28.95,5.7,355,https://images-na.ssl-images-amazon.com/images/I/61m4x-CyYjL.jpg,Marvel
amz_00024,Modway Transmit Mid-Century Offset Cube Wood Bookcase in Walnut,Update your home decor with this charming retro modern bookcase.,Home & Kitchen,156.1,5.1,132,https://images-na.ssl-images-amazon.com/images/I/31LzBr4uqoL.jpg,Modway
amz_00025,"Wild Republic Eastern Bluebird Plush Clip, Stuffed Animal, Bird Toys for Kids, Birders, 4""",Your loved ones will be chirping with joy when you gift them This 4-Inch realistic Eastern Bluebird key clip.,Toys & Games,4.99,5.0,615,https://images-na.ssl-images-amazon.com/images/I/31l2bXzM4JL.jpg,Wild
amz_00026,Didax Educational Resources Pentomino Group Set,For Grades k-8.,Office Products,18.71,4.1,101,https://images-na.ssl-images-amazon.com/images/I/31D3cbMFZ6L.jpg,Didax
amz_00027,D&D Icons of the Realms: Volo & Mordenkainen’s Foes Eight Ct. Booster Brick,Did icons of the realms: volt and mordenkainen’s foes standard booster bricks contain 8 standard boosters 32 figures total.,Toys & Games,99.5,4.8,755,https://images-na.ssl-images-amazon.com/images/I/41-yZY1EeLL.jpg,D&D
amz_00028,Greenlight 1:64 Hobby Exclusive - 1967-72 Ford F-350 Ramp Truck with Truck Driver Figure Diecast Toy Car 29892,Manufacturer : Greenlight.,Toys & Games,12.99,5.3,1021,https://images-na.ssl-images-amazon.com/images/I/51Oq2kjQIrL.jpg,Greenlight
amz_00029,Dead Fall Branches .5oz- 1/pkg,"Use this natural, realistic product to model fallen or standing dead trees and stumps.",Toys & Games,7.99,4.3,250,https://images-na.ssl-images-amazon.com/images/I/51qPhHPPJ6L.jpg,Dead
amz_00030,PlayGo Roll'N Chime Walk & Push Along Toy For Baby Toddler Walker Toy - Learning and Pretend Play Set,"Customer satisfaction: roll'n chime walk and push along toy is designed for toddlers, toddler's safety and customer's satisfaction is our main concern.",Toys & Games,14.98,3.5,32,https://images-na.ssl-images-amazon.com/images/I/412TBHkPcQL.jpg,PlayGo
amz_00031,"CGSignLab |""We Accept Credit -Ghost Aged Rust"" Window Cling | 8""x8""",Great Condition.,Home & Kitchen,14.99,5.2,967,https://images-na.ssl-images-amazon.com/images/I/512DFjS3n%2BL.jpg,CGSignLab
amz_00032,LEGO Marvel Super Heroes Avengers: Infinity War The Hulkbuster: Ultron Edition 76105 Building Kit (1363 Pieces),"Build The Hulkbuster: Ultron Edition, featuring a flip-up head, rotating torso, LEGO light brick in the chest, 2 interchangeable left arms including a jackhammer arm with punch function, plus a cool detailed platform.",Toys & Games,112.9,5.3,638,https://images-na.ssl-images-amazon.com/images/I/51M6NWZF1ZL.jpg,LEGO
amz_00033,"Baby Alive Butterfly Party: Blonde Hair Doll with 12 Accessories That Drinks and Wets, Great Doll for 3 Year Old Girls and Boys and Up (Amazon Exclusive)","GREAT FOR KIDS AGE 3 AND UP: Kids can have fun getting baby ready for a butterfly celebration, feeding her a bottle, then changing her diaper when she “pees” She’s a great doll for girls and boys 3 years old and up.",Toys & Games,34.99,4.6,464,https://images-na.ssl-images-amazon.com/images/I/51k80dukr1L.jpg,Baby
amz_00034,"SignMission Hot Fudge Sundae 48"" Banner Concession Stand Food Truck Single Sided, Size: 18"" X 48""","Proudly Made In The USA – Buy with confidence from an American owned and operated company SignMission Banners are produced in our state-of-the-art facility in West Palm Beach, Florida, proudly made in the U. S. A.",Home & Kitchen,18.99,5.8,495,https://images-na.ssl-images-amazon.com/images/I/41sXjhBSSoL.jpg,SignMission
amz_00035,Mongoose Girl's Quad Roller Skates,Great skate for kids just learning to skate.,Sports & Outdoors,55.99,3.1,197,https://images-na.ssl-images-amazon.com/images/I/41s6DI0%2B1kL.jpg,Mongoose
amz_00036,"Wild Republic Sea Turtle, Slap Bracelets for Kids, Toy Watch, Educational Toys, 9 inches",Great Condition.,Toys & Games,20.62,4.4,685,https://images-na.ssl-images-amazon.com/images/I/41prYDzpXCL.jpg,Wild
amz_00037,GoSports Giant Four in a Row Replacement Game Coins | For GoSports 3’ Size Game Sets Only | Set of 21 Coins - Choose Your Color,"SET OF 21 COINS: Official Go Sports Four in a Row replacement game coins for 3’ width game sets only, buy 2 for a full set of coins.",Toys & Games,12.49,3.2,94,https://images-na.ssl-images-amazon.com/images/I/515fMV9R9vL.jpg,GoSports
amz_00038,"Melissa & Doug Scratch Art Paper Solid Color Assortment With Stylus (12 Sheets, 6 Colors, Great Gift for Girls and Boys - Best for 5, 6, 7, 8, 9 Year Olds and Up)",Wooden stylus included.,Toys & Games,6.3,1.1,29,https://images-na.ssl-images-amazon.com/images/I/51nHp%2B1aujL.jpg,Melissa
amz_00039,"Perler Beads Fuse Beads for Crafts, 1000pcs, Light Green",Includes 1 1000 piece bag of Perler fuse beads in light green.,"Arts, Crafts & Sewing",5.18,3.9,318,https://images-na.ssl-images-amazon.com/images/I/51PlHu0lkmL.jpg,Perler
amz_00040,Bell Banter Youth Bike Helmet,Fits head sizes: 54-58 cm.,Sports & Outdoors,19.88,5.6,762,https://images-na.ssl-images-amazon.com/images/I/514nU8ZsgvL.jpg,Bell
amz_00041,"Mudpuppy United States Puzzle, 1,000 Pieces, 27”x20” – Perfect for Ages 8-99+ - Great Family Puzzle to Enjoy Together – Finished Puzzle Shows Vibrant Illustrations of The Attributes of The 50 States","EACH STATE IS UNIQUE: Creatively designed, the puzzle features vibrant illustrations of the attributes of the 50 states.",Toys & Games,14.81,1.6,272,https://images-na.ssl-images-amazon.com/images/I/61bEbsb5z-L.jpg,Mudpuppy
amz_00042,Name Stampers Arianna Rubber Stamps,Available in cool colors and funky typefaces these nifty little stampers are the perfect gift.,Toys & Games,5.99,4.0,625,https://images-na.ssl-images-amazon.com/images/I/51KjraLmAVL.jpg,Name
amz_00043,Disney Pixar Cars Mini Racers Crank & Crash Derby Playset,Disney/Pixar Cars 3 new Crazy 8 track.,Toys & Games,27.85,1.4,211,https://images-na.ssl-images-amazon.com/images/I/513P8m6mWoL.jpg,Disney
amz_00044,"Delta Children High Back Upholstered Chair, Marvel Avengers",Features a hardwood frame and padded seat with high back.,Home & Kitchen,79.99,4.7,162,https://images-na.ssl-images-amazon.com/images/I/51ZbquS-XmL.jpg,Delta
amz_00045,SWAGSKATE NG2 A.I.-Powered Electric Longboard with Hands-Free Control & 900W Dual-Hub Brushless Motor | 38” Electric Skateboard w/Remote & 3.5” x 52mm PU Wheels,"The need for Speed — one of the fastest electric longboards on the market, The Ng2 cruises up to 18 mph and can easily conquer 15° INCLINES with a powerful pair of brushless Rear 450-watt motors.",Sports & Outdoors,399.99,3.1,117,https://images-na.ssl-images-amazon.com/images/I/516YWGR-3RL.jpg,SWAGSKATE
amz_00046,BePuzzled Mickey/Minnie Gearshift Puzzle (4 Pieces),"Twist, turn, solve The Mickey/Minnie gearshift puzzle from BePuzzled is a unique brainteaser that engages your littler ones and features the classic Disney characters Mickey and Minnie Mouse.",Toys & Games,13.4,5.5,203,https://images-na.ssl-images-amazon.com/images/I/51QgtrCVkWL.jpg,BePuzzled
amz_00047,"Disney 96959 Toy Story Ball Pit, 1 Inflatable + 15 Sof-Flex Balls",Includes 15 soft flex balls.,Toys & Games,22.12,4.6,97,https://images-na.ssl-images-amazon.com/images/I/41ZbR5Co1iL.jpg,Disney
amz_00048,"Zing Air ZX Crossbow in FFP, Orange",Air Storm ZX Crossbow.,Toys & Games,23.78,5.6,903,https://images-na.ssl-images-amazon.com/images/I/41dcuslp42L.jpg,Zing
amz_00049,California Costumes Women's Classic Beauty Fairytale Princess Long Dress Gown,light yellow dress with a glitter organza overlay.,"Clothing, Shoes & Jewelry",53.0,5.3,656,https://images-na.ssl-images-amazon.com/images/I/61tg64q55gL.jpg,California
amz_00050,Tech 4 Kids 3D Magic Imagi Pen,"Imagine pen includes 1 image pen, 2 magic gels, 1 image pen stand, and 2 drawing mats.",Toys & Games,14.39,4.3,845,https://images-na.ssl-images-amazon.com/images/I/51%2BPw5b%2B9mL.jpg,Tech
amz_00051,"Jet Creations An-Gold Inflatable Gold Fish 20"" Long - Best Forparty Supplies Party Favors, Party Gifts, For Kids & Adults",Jet Creations new design inflatable goldfish made improved production process and new design.,Toys & Games,15.09,5.7,1140,https://images-na.ssl-images-amazon.com/images/I/51sVpYQwwyL.jpg,Jet
amz_00052,"ANAGRAM INTERNATIONAL 95826 Foil Balloon, 34"", Rosegold",Great Condition.,Toys & Games,6.28,3.5,480,https://images-na.ssl-images-amazon.com/images/I/41I8smj6itL.jpg,ANAGRAM
amz_00053,Prism Kite Technology Neutrino in Orange and Yellow,"Includes Kite, 50 x 75” Dyneema flying lines with finger straps, dual purpose winder / control handle, 40’ streamer tail, sleeve, instruction manual.",Toys & Games,55.29,2.6,179,https://images-na.ssl-images-amazon.com/images/I/519YnnWkU9L.jpg,Prism
amz_00054,"Barbie Fairytale Dress Up, Blonde (Packaging May Vary)",Note: Packaging varies and has either “Barbie Fairytale” or “Barbie Dreamtopia”.,Toys & Games,19.99,5.8,677,https://images-na.ssl-images-amazon.com/images/I/31rbI-4IwOL.jpg,Barbie
amz_00055,COBI Historical Collection SD.Kfz. 165 Hummel,Perfect for collectors and enthusiasts.,General,53.24,4.5,706,https://images-na.ssl-images-amazon.com/images/I/41ph0U1L89L.jpg,COBI
amz_00056,SCHLEICH Monster Octopus w/ Weapon,Collect all Schleich eldrador creatures.,General,9.99,3.0,496,https://images-na.ssl-images-amazon.com/images/I/51uHd6GsExL.jpg,SCHLEICH
amz_00057,Skechers Kids Skechers Twinkle Toes Glimmer Backpack Accessory,Great Condition.,"Clothing, Shoes & Jewelry",12.21,4.7,811,https://images-na.ssl-images-amazon.com/images/I/51DYNAJqYVL.jpg,Skechers
amz_00059,Delta Children Nolan Toy Box,"AVAILABLE IN A VARIETY OF COLORS: The Nolan Toy Box comes in Grey, Bianca White, Crafted Grey and Crafted Limestone.",Baby Products,99.99,5.7,378,https://images-na.ssl-images-amazon.com/images/I/51HHfRccIUL.jpg,Delta
amz_00060,WWE Wrestlemania Elias Action Figure,"All offer articulation, amazing accuracy and authentic WWE WrestleMania details.",Toys & Games,10.98,5.6,546,https://images-na.ssl-images-amazon.com/images/I/31eKc42fEeL.jpg,WWE
amz_00061,PLAYMOBIL Ghostbusters Firehouse,Something strange in your neighborhood Call the Ghostbusters firehouse Dimensions: 17.7 x 10.8 x 17.9 inches LxWxH.,Toys & Games,69.99,4.6,272,https://images-na.ssl-images-amazon.com/images/I/51AhJxKVn-L.jpg,PLAYMOBIL
amz_00062,Costume Sunglasses Frozen Olaf Sun-Staches Party Favors UV400,All Sun-Staches Sunglasses provide 100% UV400 protection and impact resistant lenses because we care.,Toys & Games,12.6,4.8,259,https://images-na.ssl-images-amazon.com/images/I/51oIF1R1sUL.jpg,Costume
amz_00063,Carrera 30880 Audi RS 5 DTM R.Frijns #4 Digital 132 Slot Car Racing Vehicle 1:32 Scale,Audi RS 5 DTM R.Frijns 4 1:32 scale Carrera digital slot car for racing on Digital 132 and 124 Tracks.,Toys & Games,429.0,2.1,110,https://images-na.ssl-images-amazon.com/images/I/51VwMUQRQmL.jpg,Carrera
amz_00064,Tamiya 20068 1/20 Ferrari SF70H Plastic Model Kit,This kit recreates the SF70H as it appeared in the season-opening Australian GP.,Toys & Games,53.44,3.1,158,https://images-na.ssl-images-amazon.com/images/I/41flE2itPhL.jpg,Tamiya
amz_00065,Sugar Lulu Sweet Pics Photo Frames Sea Breeze,"Show off your sweet pics - stick them up, take them down, easily move them all around.",Toys & Games,5.42,1.8,237,https://images-na.ssl-images-amazon.com/images/I/51JR-JXZ%2B2L.jpg,Sugar
amz_00066,Gamma Shockbuster Vibration Dampener,Great Condition.,Sports & Outdoors,4.27,3.7,8,https://images-na.ssl-images-amazon.com/images/I/21N4NacjORL.jpg,Gamma
amz_00067,Sun-Staches Costume Sunglasses Emoji Lil' Characters Rainbow Poop Party Favors UV400,All Sun-Staches Sunglasses provide 100% UV400 protection and impact resistant lenses because we care.,"Clothing, Shoes & Jewelry",5.99,4.5,243,https://images-na.ssl-images-amazon.com/images/I/51mtR6XCn0L.jpg,Sun-Staches
amz_00068,"Clicformers Basic Set (110 Piece) Educational Building Blocks Kit, Construction STEM Toy, Creative Building Bricks",Build with 78 Clicformers blocks and 32 Accessories.,Toys & Games,19.18,4.0,636,https://images-na.ssl-images-amazon.com/images/I/51vaOjcIwnL.jpg,Clicformers
amz_00069,Ceaco Strawberry Shortcake On Her Vespa Puzzle (60Piece),Strawberry Shortcake on her Vespa puzzle.,Toys & Games,7.99,4.5,101,https://images-na.ssl-images-amazon.com/images/I/51%2B0CM750%2BL.jpg,Ceaco
amz_00070,"GAME Large Derby Duck, Inflatable Pool Float, Balloon Animal Pool Float, Durable Vinyl, Quick-Fill Valves, 175-Pound Capacity, 2 Handles, 48” L x 44” W x 27” T","Kids love this fun ducky with the cool shades There is a Derby Duck inflatable for every member of your family, no matter how big or small.",Toys & Games,27.99,2.0,302,https://images-na.ssl-images-amazon.com/images/I/51MDzitmwPL.jpg,GAME
amz_00071,Green Toys Race Car-Pink,"Buckle up, because the Green Toys Race Car is ready to roll.",Toys & Games,9.59,5.6,1061,https://images-na.ssl-images-amazon.com/images/I/41DnS0lAQrL.jpg,Green
amz_00072,"Triple Eight Sweatsaver Liner Skateboarding Helmet, All Black Rubber, Small",Available in six sizes: XS fits 20.,Sports & Outdoors,38.13,5.8,669,https://images-na.ssl-images-amazon.com/images/I/51u5H3RZvFL.jpg,Triple
amz_00073,"MasterPieces Inspirational Jigsaw Puzzle, The Last Supper Panorama, Featuring Art by William T. Ternay, 1000 Pieces",Traditional Last Supper puzzle.,Toys & Games,16.99,4.7,786,https://images-na.ssl-images-amazon.com/images/I/41Qpg2a9OnL.jpg,MasterPieces
amz_00074,Playskool Heroes Transformers Rescue Bots Academy Hot Shot,"As seen in the Transformers rescue Bot Academy TV series: imagine racing to the rescue with this 10-Inch Mega mighties hot shot toy, inspired by the Transformers rescue Bots Academy animated TV show.",General,9.5,5.1,556,https://images-na.ssl-images-amazon.com/images/I/51NSrKlkwPL.jpg,Playskool
amz_00075,Mega Man Fully Charged – Ice Man Articulated Action Figure with Ice Blast and Ice Man Buster Accessory (to swap onto The Mega Man Figure)! Based on The New Show!,Includes a cannon accessory that can be swapped onto the 5-inch blue Mega Man figure.,General,9.99,4.9,463,https://images-na.ssl-images-amazon.com/images/I/41Wa3zN94eL.jpg,Mega
amz_00076,"LEGO Storage Brick 8, Bright Pink","Plastic - polypropylene pp, pvc free.",Toys & Games,39.99,2.9,172,https://images-na.ssl-images-amazon.com/images/I/41L2zxGbh4L.jpg,LEGO
amz_00077,"Tamiya America, Inc 1/10 Toyota Gazoo Racing TS050 Kit (F103GT), TAM58665","Tamiya America, Inc 1/10 Toyota Gazoo Racing TS050 Kit F103GT, TAM58665.",Toys & Games,234.0,4.1,203,https://images-na.ssl-images-amazon.com/images/I/41FNW83OeVL.jpg,Tamiya
amz_00078,Infantino Linkable Trunk and Tags Toy,Flexible trunk links toy to strollers and diaper bags.,Toys & Games,7.76,4.3,266,https://images-na.ssl-images-amazon.com/images/I/517UunzkFML.jpg,Infantino
amz_00079,"Fisher-Price #Selfie Fun Phone, Baby Rattle, Mirror and Teething Toy","This pretend smart phone is a baby rattle, mirror, and teething toy in one.",Toys & Games,4.99,4.2,488,https://images-na.ssl-images-amazon.com/images/I/51eCioTuLAL.jpg,Fisher-Price
amz_00080,"Tamiya 18715 1/32 Jr Racing Copperfang Kit, with FM-A Chassis",The FM-A Chassis is molded in Black ABS.,Toys & Games,14.2,2.0,292,https://images-na.ssl-images-amazon.com/images/I/41BGcRKfWQL.jpg,Tamiya
amz_00081,Hasbro Gaming Trivial Pursuit Master Edition Trivia Board Game for Adults and Teens Ages 16 and Up(Amazon Exclusive),The Trivial Pursuit Master Edition game is for the trivia buff who loves to show off how smart they are.,Toys & Games,36.95,4.8,945,https://images-na.ssl-images-amazon.com/images/I/51c0stjlHKL.jpg,Hasbro
amz_00082,"Click N' Play Military Parajumper PJ Swat Team 12"" Action Figure Play Set with Accessories","Set includes; 1 Military action figure with jumpsuit uniform, dog tag, rifle with strap, helmet, bayonet with holder, set of knee and elbow pads, sun glasses, paratrooper backpack, revolver, and a locator set.",Toys & Games,23.99,2.6,414,https://images-na.ssl-images-amazon.com/images/I/61uwWMiUYhL.jpg,Click
amz_00083,Lion King Pumbaa Pass Game,Feed Pumbaa colorful bugs until something causes him to Puke.,Toys & Games,16.99,4.4,293,https://images-na.ssl-images-amazon.com/images/I/51pBcDkKb%2BL.jpg,Lion
amz_00084,Air Hogs - Heli Cage - Yellow,"The Air Hogs Heli Cage is made for new pilots with a crash preventative protective ring shield system.^4-Directional control allows pilots to fly up, down, left, and right.^The protective Ring Shield System allows pilots to bump into objects and keep on flying.",Toys & Games,36.12,3.8,505,https://images-na.ssl-images-amazon.com/images/I/51UecZQxmXL.jpg,Air
amz_00085,Vallejo 1941-1942 German Africa Korps (DAK),Set includes Acrylic airbrush colors.,Toys & Games,14.23,4.2,763,https://images-na.ssl-images-amazon.com/images/I/31lKLCPyASL.jpg,Vallejo
amz_00086,Hot Wheels Monster Trucks 1: 24 Bone Shaker,Hot Wheels Monster Trucks are built for crashing through obstacles and climbing over hurdles— add a surprising transformation feature and it's the perfect gift for kids 3 and older.,Toys & Games,8.74,4.8,453,https://images-na.ssl-images-amazon.com/images/I/51dxWVGup9L.jpg,Hot
amz_00087,"Energen DroneMax MA18A Drone Battery Charger, DJI Mavic Air Accessories, Intelligent Fast Multi Battery Charging Hub Station (Charge 3 Batteries & 2 USB Ports Simultaneously)",Customized to charge DJI Mavic Air drone batteries.,Toys & Games,49.99,4.4,598,https://images-na.ssl-images-amazon.com/images/I/51AtLY5T%2BxL.jpg,Energen
amz_00089,"Hot Wheels Star Wars Darth Vader Tie Advanced Vs. Luke Skywalker X-wing Fighter 2-pack, Vehicle",Two-Pack assortment includes one exclusive vehicle in each pack.,Toys & Games,5.75,5.7,408,https://images-na.ssl-images-amazon.com/images/I/51sIuhoMkSL.jpg,Hot
amz_00090,"NPW Drinking Buddies Money Shooter, It's Raining Men",IT'S RAINING MEN: Flash the cash and the abs with this novelty cash blaster and 100 fake bills printed with hunky men - money never looked so good.,General,14.82,4.1,384,https://images-na.ssl-images-amazon.com/images/I/411-Zp0bEgL.jpg,NPW
amz_00091,"Exotek 1726Blk Flite Direct Spur Mount, Ultra Light, for B6, 22, and RB6 Series Buggies and Trucks (Black)","Extra light slipper Eliminator Spur gear mounting hub for B6 Series, 22 Series and RB6 series buggies and trucks.",Toys & Games,14.38,5.7,519,https://images-na.ssl-images-amazon.com/images/I/411G1MIXGtL.jpg,Exotek
amz_00092,"HQ Flowtail Delta 600 XL- 79 Inch Single - Line Sport Kite, Color: Rainbow - Active Outdoor Fun for Ages 12 and Up","DETAILS: The HQ Delta Kite is 79"" x 39"", made from Rip Stop Polyester and Taffeta.",Toys & Games,64.35,4.9,410,https://images-na.ssl-images-amazon.com/images/I/41QHRzHdKzL.jpg,Generic
amz_00093,Legend of the Five Rings Beginner Game,A pre-designed adventure lets you dive right into the world of the Emerald empire.,Toys & Games,34.99,2.9,461,https://images-na.ssl-images-amazon.com/images/I/51mcY5OPGoL.jpg,Legend
amz_00094,Alex Spa My Lites Custom Streaks Girls Fashion Activity,Create your own highlights and streaks.,Toys & Games,13.87,4.4,472,https://images-na.ssl-images-amazon.com/images/I/61aebIub0rL.jpg,Alex
amz_00095,Costume Sunglasses Clown from IT Sun-Staches Party Favors UV400,All Sun-Staches Sunglasses provide 100% UV400 protection and impact resistant lenses because we care.,Toys & Games,5.99,4.0,612,https://images-na.ssl-images-amazon.com/images/I/41UH2QoXb2L.jpg,Costume
amz_00096,Learning Resources Gears! 101Piece Value Set,"One-piece set: this value set includes 46 colorful gears blue, green, orange, yellow, Red, purple, 26 square pillars, 21 six-way axles, 6 interlocking bases, 1 crank handle, sticker sheet, and activity guide.",Toys & Games,33.49,4.2,388,https://images-na.ssl-images-amazon.com/images/I/41sXyx5gIsL.jpg,Learning
amz_00097,"Hygloss Products Happy Birthday Crowns - Customizable, Durable Kids Party Supplies Made in USA, 24 Pack",MADE IN THE USA – Hygloss Products Happy Birthday Crowns are proudly made in the USA.,Toys & Games,13.94,4.1,227,https://images-na.ssl-images-amazon.com/images/I/41IaZUej43L.jpg,Hygloss
amz_00098,WizKids Tower of London Board Game,"LEGEND says if the tower of London Ravens are lost or fly away, the crown will fall and Britain with it.",Toys & Games,9.49,2.1,177,https://images-na.ssl-images-amazon.com/images/I/51j2RqtI1fL.jpg,WizKids
amz_00099,Hape Wooden Railway Lucky Ladybug and Friends Train Set,Features a sweet ladybug and friends.,General,36.61,1.0,160,https://images-na.ssl-images-amazon.com/images/I/41oCJE453tL.jpg,Hape
amz_00100,Foxmind Architecto,"TRY OUR OTHER CAPTIVATING PUZZLE GAMES: Part of the Brain Builder Series by FoxMind Architecto, Equilibrio, Perspecto, Tangramino, where players progress at their own rhythm as puzzles gradually become more challenging.",Toys & Games,22.9,4.3,724,https://images-na.ssl-images-amazon.com/images/I/51tJeX8eZLL.jpg,Foxmind
amz_00101,"Madison Park Bijou Solid Wood, Polyester Fabric Toy Chest Bench Modern Style Ottoman With Storage, Grey Multi",Lifestyle - contemporary style storage ottoman Bench features sophisticated light grey cover complemented by decorative nail head trim.,Home & Kitchen,89.99,3.4,272,https://images-na.ssl-images-amazon.com/images/I/51Ik3x3QypL.jpg,Madison
amz_00102,Carson Dellosa Frog Good Work Holder Good Work Holders (119008),6 good work holders.,General,6.99,5.4,960,https://images-na.ssl-images-amazon.com/images/I/41Go11yB%2B8L.jpg,Carson
amz_00103,"Learning Advantage Play Bills Set - 35 Ones, 25 Fives, 20 Tens, 15 Twenties, 5 Fifties & 5 Hundreds - Replica Bills for Pretend Play with Fake Currency","105 bills included -- This money play set includes 35 ones, 35 Fives, 20 tens, 15 twenties, 5 fifties and 5 hundreds.",Toys & Games,8.52,5.9,1003,https://images-na.ssl-images-amazon.com/images/I/51%2BXvD%2BydfL.jpg,Learning
amz_00104,DC Justice League Cyborg Belt & Blast Pack,"Full Collection includes Batman, Superman or Cyborg power accessories.",Toys & Games,19.99,5.4,999,https://images-na.ssl-images-amazon.com/images/I/518L-v5M04L.jpg,Generic
amz_00105,"Thermos Soft Lunch Kit, Star Wars Rebels",100% PVC free with PEVA linings.,Home & Kitchen,13.75,3.8,475,https://images-na.ssl-images-amazon.com/images/I/51-YzaDQ8cL.jpg,Thermos
amz_00106,"Jada Toys Disney Junior Mickey & The Roadster Racers Transforming Radio Control Car Vehicle, 14"", Red","14""L x 9.5""W x 7""H racer mode 11""L x 7""W x 9""H classic roadster mode.",Toys & Games,62.99,5.9,1167,https://images-na.ssl-images-amazon.com/images/I/41oJ0B5F-BL.jpg,Jada
amz_00107,"Star Wars The Vintage Collection A New Hope Princess Leia Organa (Yavin) Toy, 3.75"" Scale Action Figure, Kids Ages 4 & Up","Classic Star Wars figure: this princess Leia organa Yavin action figure is inspired by the character in Star Wars: a new hope, and makes a great gift for Star Wars collectors and fans ages 4 and up.",General,12.99,1.5,97,https://images-na.ssl-images-amazon.com/images/I/41NrR2g0ixL.jpg,Star
amz_00108,"Magnum Enterprises Red, White and Blue Spinner Target","Magnum Red, White, and Blue Spinner Target features 3 spinners and fold-out legs.",General,14.95,4.1,129,https://images-na.ssl-images-amazon.com/images/I/41hifyUrj%2BL.jpg,Magnum
amz_00109,"Baby Einstein Tiny Tambourine Wooden Musical Toy, 3 Months +",3 month toy includes bead chaser and textured rings.,Toys & Games,6.99,3.7,275,https://images-na.ssl-images-amazon.com/images/I/41Jy%2B4K7RNL.jpg,Baby
amz_00110,"Baby Einstein Tiny Tambourine Wooden Musical Toy, 3 Months +",3 month toy includes bead chaser and textured rings.,Toys & Games,6.99,5.8,496,https://images-na.ssl-images-amazon.com/images/I/51malCqcUrL.jpg,Baby
amz_00111,"HIDBEA One Way Window Film Mirror Film for Windows Home Window Tint for Privacy UV Blocking Reflective Window Mirror Static Cling for Reducing Glare, 35.4 inches x 16.4 feet, Black-Silver","The reflective window film comes in multiple sizes and 4 colors: silver, Black-Silver, blue-silver, brown-silver.",Home & Kitchen,28.67,4.4,612,https://images-na.ssl-images-amazon.com/images/I/41zMmqy4n2L.jpg,HIDBEA
amz_00112,Junior Learning 6 Reading Games,Encourages students to work together to develop their reading skills.,Toys & Games,12.89,5.7,242,https://images-na.ssl-images-amazon.com/images/I/51XhXB%2BUqXL.jpg,Junior
amz_00113,LookingGlass Miniature Glass Collectible : Billy The Goat,Great for party décor or as party favors.,Toys & Games,9.6,4.4,473,https://images-na.ssl-images-amazon.com/images/I/41c68r0Fa4L.jpg,LookingGlass
amz_00114,Franklin Sports Rod Hockey Pro,AUTHENTIC hockey action with large smooth moving players and big stick design for added control.,Sports & Outdoors,46.7,2.2,187,https://images-na.ssl-images-amazon.com/images/I/51zOvIlspoL.jpg,Franklin
amz_00115,"Forum Novelties Prince Charming Child's Costume, Small",Prince Charming child costume contains blue crushed velvet tunic with attached belt and royal red cape.,Toys & Games,17.75,4.4,554,https://images-na.ssl-images-amazon.com/images/I/41flzxXRJ-L.jpg,Forum
amz_00116,Morphsuits Zebra for Kids - Childrens Fancy Dress Costume - size Medium 3’6”-3’11” (105cm - 119cm),"The Original and Best Kids Zebra Morphsuit - An official branded kids Morphsuit, the best money can buy - accept no imitations.","Clothing, Shoes & Jewelry",14.95,4.8,932,https://images-na.ssl-images-amazon.com/images/I/51gHyOS9-PL.jpg,Morphsuits
amz_00117,Catch Phrase: Uncensored (Amazon Exclusive),Electronic Catch Phrase game challenges teams to guess adult words and phrases.,General,12.99,5.1,707,https://images-na.ssl-images-amazon.com/images/I/51eIDCaM9ZL.jpg,Catch
amz_00118,"Moonlite, 3-Story Bundle for Boys, Includes 3 Story Reels for Use with Storybook Projector",The Moonlite 3-story bundle makes a great gift for boys aged 3 and up and includes 3 story reels.,Toys & Games,18.16,5.5,619,https://images-na.ssl-images-amazon.com/images/I/511xp-dN1nL.jpg,Moonlite
amz_00119,"Amscan 242144 Party Supplies, One Size, Multicolor",5 in a package.,Toys & Games,7.39,3.9,706,https://images-na.ssl-images-amazon.com/images/I/41AKSNMIvIL.jpg,Amscan
amz_00120,Carson-Dellosa Publishing Differentiated Instruction Cubes,"Each Differentiated Instruction Cubes can provide a group of students with up to six different problems, prompts, tasks, or questions to discuss.",Office Products,17.53,2.7,64,https://images-na.ssl-images-amazon.com/images/I/41fz2mXmFfL.jpg,Carson-Dellosa
amz_00121,"Papo Therizinosaurus Figure, Multicolor",Great Condition.,General,29.98,5.6,434,https://images-na.ssl-images-amazon.com/images/I/41i0Jlo4SjL.jpg,Papo
amz_00122,Toomies Shake and Sort Toy Cupcakes,FUN TOY FOR BABIES: Mix and match tops and bottoms of the cupcakes for the perfect shape sorting fun.,Toys & Games,8.99,5.9,15,https://images-na.ssl-images-amazon.com/images/I/51kuT2nCt3L.jpg,Toomies
amz_00123,"CTG Cute Ceramic Pineapple Money Bank, 3.5 x 6.5 inches, Gold",5H in dimensions.,Toys & Games,12.99,1.3,231,https://images-na.ssl-images-amazon.com/images/I/517hJ64EAFL.jpg,CTG
amz_00124,Jurassic World Tyrannosaurus Rex Mask,Choose the Tyrannosaurus Rex or Indoraptor mask and become your favorite Jurassic World dinosaur.,Toys & Games,34.67,4.9,766,https://images-na.ssl-images-amazon.com/images/I/41T-0%2B9wqrL.jpg,Jurassic
amz_00125,"Douglas Cuddle Toys Plush Twinkle Harp Seal 15""",What is more adorable than a beautiful baby harp seal.,Toys & Games,19.95,4.8,808,https://images-na.ssl-images-amazon.com/images/I/41LA5sOAQPL.jpg,Douglas
amz_00126,"Stupell Industries Sign Language Love Hands Design Wall Plaque, 7 x 17, Multi-Color","APPLICATION - Perfect décor addition to any wall for a living room, bedroom, bathroom, kids room, kitchen, office, hotel, dining room, bar etc.",Baby Products,29.99,4.8,420,https://images-na.ssl-images-amazon.com/images/I/317eVMBx%2BaL.jpg,Stupell
amz_00127,"Suck UK TV Lunch Box I Food Storage Containers I Kitchen Organization & Storage I Lunch Boxes For Kids I Toy Storage I Bento Box I – Beach Holiday, Blue, One Size",Portable metal lunch bag and storage box in the style of a cool retro TV set.,Home & Kitchen,18.48,4.4,282,https://images-na.ssl-images-amazon.com/images/I/41WKFbjCPiL.jpg,Suck
amz_00128,"Testors 307589 - 3 PK Spray Chalk, 6 Oz, Blue",Flat chalk finish in vibrant colors allows for unique designs that are easy to see.,Toys & Games,41.0,1.9,163,https://images-na.ssl-images-amazon.com/images/I/41o1AuY4HWL.jpg,Testors
amz_00129,"Upper Bounce Replacement Jumping Mat, Fits 14 ft Round Trampoline Frame with 80 V-Hooks, Using 5.5"" Springs",Trampoline Frame size: Made for a 14 FT.,Sports & Outdoors,83.99,2.2,337,https://images-na.ssl-images-amazon.com/images/I/31e2DqzXBfL.jpg,Upper
amz_00130,Eaglemoss DC Super Hero Collection: Wonder Woman Mythologies #06 Divine Armor Figurine,All-new miniseries explores the myriad faces of DC Comics' best-known female hero.,Toys & Games,17.88,5.6,699,https://images-na.ssl-images-amazon.com/images/I/51w7T%2BbEsOL.jpg,Eaglemoss
amz_00131,Poolmaster Swimming Pool NBA Ball,Traditional 6-panel beach ball.,Toys & Games,5.14,5.4,399,https://images-na.ssl-images-amazon.com/images/I/51ST5KONpOL.jpg,Poolmaster
amz_00132,Atom Kicktail Longboard,Wheels: longboard cruisers - 78a - high Rebound.,Sports & Outdoors,89.49,4.8,489,https://images-na.ssl-images-amazon.com/images/I/41O0E5CwYgL.jpg,Atom
amz_00133,Super Wings - Toy RC Vehicle | Remote Control Donnie,Remote control Donnie toy is for preschool and young children ages 3+.,Toys & Games,14.97,5.1,867,https://images-na.ssl-images-amazon.com/images/I/41JT-MAmy4L.jpg,Super
amz_00134,Calico Critters Ellwoods Elephant Twins,"Ellwoods twins measure 1.25"" tall.",Toys & Games,6.78,4.2,294,https://images-na.ssl-images-amazon.com/images/I/41Lm62QOpxL.jpg,Calico
amz_00135,Little Tikes Easy Store Large Slide,5-foot long slide sized especially for young kids.,Toys & Games,149.49,5.6,13,https://images-na.ssl-images-amazon.com/images/I/31VXbiKox2L.jpg,Little
amz_00136,Silver Bullet,Claim the silver bullet and get a bonus the following round.,Toys & Games,22.17,3.2,272,https://images-na.ssl-images-amazon.com/images/I/41kvpRBbdUL.jpg,Silver
amz_00137,Twisty Petz Cuddlez Snowpuff Unicorn Transforming Collectible Plush for Kids Aged 4 & Up,"COLLECT ALL 4: There are 4 adorable and plus Twisty Petz Cuddles to collect: Puppy, Kitty, Unicorn, and Sloth They're made of ultra-soft materials with sparkly details in a range of beautiful colors.",Toys & Games,12.99,3.5,559,https://images-na.ssl-images-amazon.com/images/I/516nRt6TtAL.jpg,Twisty
amz_00138,Disney Just Play 11998 2Pk Emoji Mickey & Minnie Plush,Each cuddly plush character is made with fun stylized details and Super soft deluxe fabrics.,Toys & Games,12.4,4.8,889,https://images-na.ssl-images-amazon.com/images/I/51VJLKZV1RL.jpg,Disney
amz_00139,Steve Spangler's Glow in the Dark Slime - Atomic Glow - Atomic Slime - 1 L (33.8 fl oz) DIY Slime Kit for Kids and Classroom,"CREEPY HALLOWEEN SLIME: Steve Spangler's Atomic Glow Slime is the perfect slime for Halloween, but is sure to amaze and excite any time of year.",Office Products,34.83,5.3,1001,https://images-na.ssl-images-amazon.com/images/I/410-XlxGDXL.jpg,Steve
amz_00140,EuroGraphics Map of The Sky 1000 Piece Puzzle,Great Condition.,Toys & Games,17.51,5.0,623,https://images-na.ssl-images-amazon.com/images/I/51VGPvUEzeL.jpg,EuroGraphics
amz_00142,Forum Novelties Latex Raccoon Mask,Latex raccoon mask.,Toys & Games,11.82,5.7,682,https://images-na.ssl-images-amazon.com/images/I/51HMiy-GeUL.jpg,Forum
amz_00143,"Forum Novelties Women's Pirate Pants-Red/Black, Standard",Red and black pants with red laces up the sides and gold grommets; solid red waistband.,Toys & Games,18.7,4.1,87,https://images-na.ssl-images-amazon.com/images/I/41fKHbkh01L.jpg,Forum
amz_00144,Crazy Bonez Skeleton Spider,"20.5"" X 12"" Skeleton spider.",Toys & Games,9.99,5.0,492,https://images-na.ssl-images-amazon.com/images/I/31d1RriWXxL.jpg,Crazy
amz_00145,Bandai Hobby PG LED Unit for RX-0 Unicorn Gundam Model Kit (1/60 Scale),4 AA batteries required not included.,Toys & Games,90.0,4.9,354,https://images-na.ssl-images-amazon.com/images/I/41UfmwedouL.jpg,Bandai
amz_00146,Educational Insights Big Money 3-D Magnetic Coins and Bills,"Oversized, realistic-looking magnetic money is perfect for visualization of money math.",Toys & Games,20.49,4.1,369,https://images-na.ssl-images-amazon.com/images/I/51PIDkmLMAL.jpg,Educational
amz_00147,Crocodile Creek Mermaid 72Pc Junior Puzzle,72 thick puzzles pieces that fit together well for kids ages 6 and up.,Toys & Games,14.0,3.3,545,https://images-na.ssl-images-amazon.com/images/I/51HAz7R4XWL.jpg,Crocodile
amz_00148,"Oopsy Daisy Growth Charts Lighthouse Bay Buddies by Alison Jay, 12 by 42-Inch",Great Condition.,Baby Products,64.99,2.1,245,https://images-na.ssl-images-amazon.com/images/I/41%2BTcyn0oKL.jpg,Oopsy
amz_00149,"University Games 07010 Dog Man Board Game Attack of The Fleas (Fuzzy Little Evil Animal Squad) Game Based On The Popular Dog Man Book Series by DAV Pilkey, Multi",Based on Dav pilkey's bestselling dog Man book series.,Toys & Games,19.99,5.1,384,https://images-na.ssl-images-amazon.com/images/I/51h1NBEn3HL.jpg,University
amz_00150,WWE Smackdown Live Ring,"At inches across, The ring's size means the arena can be fully loaded with WWE figures for big, body slamming' Battle action figures sold separately.",Toys & Games,32.2,5.5,759,https://images-na.ssl-images-amazon.com/images/I/41gTNGjJVPL.jpg,WWE
amz_00151,"COBI Jeep Wrangler Rubicon, Vehicle",Officially licensed by Jeep.,General,16.99,5.1,142,https://images-na.ssl-images-amazon.com/images/I/51jaY0QKvlL.jpg,COBI
amz_00152,Flash Furniture 2 Pk. Band/Music Stack Chair Dolly,Set of 2 Stack Chair Dollies.,Home & Kitchen,150.65,4.8,768,https://images-na.ssl-images-amazon.com/images/I/51yXMivNQLL.jpg,Flash
amz_00153,Forum Novelties Women's Simply Elf Costume,Adult Elf Costume.,"Clothing, Shoes & Jewelry",17.7,2.3,293,https://images-na.ssl-images-amazon.com/images/I/41E3MTD4NYL.jpg,Forum
amz_00154,"Forum Novelties Children's Cinderella Costume, Small",A complete costume in seconds.,Toys & Games,23.93,2.7,101,https://images-na.ssl-images-amazon.com/images/I/413N%2BekN88L.jpg,Forum
amz_00155,Osmo - Super Studio Disney Mickey Mouse & Friends Game - Ages 5-11 - Learn to Draw your Clubhouse Favorites & Watch them Come to Life - For iPad and Fire Tablet (Osmo Base Required),"OSMO IS MAGIC: Fun-filled and Award winning learning games that interact with actual hand held pieces and an iPad and/or fire tablet, bringing a child's game pieces and actions to life no Wi-Fi necessary for game play.",Toys & Games,19.99,4.8,391,https://images-na.ssl-images-amazon.com/images/I/51h9yW7aIQL.jpg,Osmo
amz_00156,Taggies Little Leaf Elephant Soft Toy,"Little Leaf Elephant is an ultra soft friend with grey body, embroidered eyes and smile; tummy features colorful leafy patterned fabric, its ears and feet accented in solid blue, orange, yellow, and green.",Toys & Games,23.99,5.6,430,https://images-na.ssl-images-amazon.com/images/I/51HhlkAmOjL.jpg,Taggies
amz_00157,Barbie Video Game Hero Doll - Yellow & Pink Hair,Inspired by the upcoming movie Barbie Video Game Hero.,Toys & Games,3.99,4.4,454,https://images-na.ssl-images-amazon.com/images/I/514it5jHi4L.jpg,Barbie
amz_00158,Springbok Puzzles - Americana - 500 Piece Jigsaw Puzzle - Large 18 Inches by 23.5 Inches Puzzle - Made in USA - Unique Cut Interlocking Pieces,"500 PIECE JIGSAW PUZZLE - Featuring a finished size of 23.5 inches by 18 inches with a precision cut that ensures a tight, interlocking heirloom-quality puzzle.",Toys & Games,13.69,4.3,417,https://images-na.ssl-images-amazon.com/images/I/51kGTNu1CmL.jpg,Springbok
amz_00159,MasterPieces Travel Diary - Venice 550pc Puzzle,Vivid detailed image of Venice.,Toys & Games,9.98,5.3,725,https://images-na.ssl-images-amazon.com/images/I/61T7m5Mz9QL.jpg,MasterPieces
amz_00160,Roller Derby Cruze XR Hightop Womens Roller Skates,"RD Cruze aluminum Chassis is lightweight, strong, and maneuverable; adjustable toe stop on both skates.",Sports & Outdoors,53.0,2.9,22,https://images-na.ssl-images-amazon.com/images/I/51qjIuv2IbL.jpg,Roller
amz_00161,"Melissa & Doug Let's Play House Fridge Fillers (Pretend Play Grocery Toys, 20 Pieces, Great Gift for Girls and Boys - Best for 3, 4, 5, and 6 Year Olds)","FILL THE FRIDGE: The Melissa and Doug Let's Play House Fridge Fillers look and feel just like the real thing Their slightly smaller scale makes them easy to store in most play kitchens, and easy to handle as children open and close the tops, fill, and empty the cans and boxes, and prepare countless pretend-play meals.",Toys & Games,12.99,4.7,819,https://images-na.ssl-images-amazon.com/images/I/51PmCfiuQuL.jpg,Melissa
amz_00162,My Little Pony Singing Rainbow Dash,Rainbow Dash figure sings 5 songs from entertainment.,Toys & Games,26.95,4.7,463,https://images-na.ssl-images-amazon.com/images/I/61T6Gx39Z8L.jpg,Generic
amz_00163,Shopkins Classic Handbag Harriet Costume for Kids,Great Condition.,"Clothing, Shoes & Jewelry",34.99,5.7,255,https://images-na.ssl-images-amazon.com/images/I/31fh1Z-feVL.jpg,Shopkins
amz_00164,Little Buddy Super Mario All Star Collection 1448 Lakitu/Jugemu Stuffed Plush,Official Licensed Plush By Little Buddy.,Toys & Games,17.11,5.6,954,https://images-na.ssl-images-amazon.com/images/I/41-rYSeLPQL.jpg,Little
amz_00165,Abby New Look Classic Toddler Costume,"Dress, Detachable wings.","Clothing, Shoes & Jewelry",15.99,3.6,408,https://images-na.ssl-images-amazon.com/images/I/41itVrkVwWL.jpg,Abby
amz_00166,Rubie's Costume Co Deluxe Native American Headdress,"White, black, and red feathers.","Clothing, Shoes & Jewelry",5.52,2.4,331,https://images-na.ssl-images-amazon.com/images/I/41ZgXTvwuWL.jpg,Rubie's
amz_00167,Hot Wheels Star Wars Emperor Palpatine Imperial Shuttle,The Battle Rollers are replicas of Starships that are perfect for action play due to their ball bearing movement.,Toys & Games,5.2,4.9,114,https://images-na.ssl-images-amazon.com/images/I/51FqgaJ9udL.jpg,Hot
amz_00168,"Elenco Teach Tech “Air Screamer”, Compressed Air Powered Racing Vehicle, STEM Building Sets for Kids 10+",Build your own air screamer and race your friends.,Toys & Games,21.96,4.7,515,https://images-na.ssl-images-amazon.com/images/I/51Ylz-j5PUL.jpg,Elenco
amz_00169,"Jumping Surface for 14' Trampolines with 72 V-Rings for 7"" Springs (Springs Not Included)","Compatible with Bounce Pro, Sports Power, JumpKing Brand Trampolines.",Sports & Outdoors,72.88,5.1,404,https://images-na.ssl-images-amazon.com/images/I/41zMGdP5UnL.jpg,Jumping
amz_00170,"LEGO Storage Brick 8, Bright Pink","Plastic - polypropylene pp, pvc free.",Toys & Games,39.99,2.2,355,https://images-na.ssl-images-amazon.com/images/I/412baKKZsBL.jpg,LEGO
amz_00171,SCHLEICH Zebra Foal,"With bold white stripes, zebras zig-zag.",General,8.42,5.1,939,https://images-na.ssl-images-amazon.com/images/I/51uHd6GsExL.jpg,SCHLEICH
amz_00172,Buffalo Games - A Dog's Life - Doug The Pug - Donut Doug - 750 Piece Jigsaw Puzzle,Great Condition.,Toys & Games,10.99,5.1,884,https://images-na.ssl-images-amazon.com/images/I/415Af3tu%2BiL.jpg,Buffalo
amz_00173,Deep Water Games Crows Overkill,Great Condition.,Toys & Games,10.14,4.8,192,https://images-na.ssl-images-amazon.com/images/I/51cc92PnyWL.jpg,Deep
amz_00174,McFarlane Toys Rick & Morty The Discreet Assassin Micro Construction Set Playset,"Buildable ""The Discreet Assassin"" micro set inspired by Dan Harmon and Justin Roiland's Rick and Morty television series.",Toys & Games,6.91,4.4,305,https://images-na.ssl-images-amazon.com/images/I/51Kt57cZPiL.jpg,McFarlane
amz_00175,Transformers Studio Series Voyager Optimus Prime,Choose your side: Join the mighty Autobots or the destructive Decepticons.,Toys & Games,26.86,4.9,202,https://images-na.ssl-images-amazon.com/images/I/41BD025gdlL.jpg,Transformers
amz_00176,Razor Pro El Dorado Kick Scooter,Soft rubber grips and full deck grip tape.,Sports & Outdoors,64.99,4.0,489,https://images-na.ssl-images-amazon.com/images/I/31i9FPgY65L.jpg,Razor
amz_00177,Under Armour Medium Fry Backpack,"Soft, fleece lined valuables pocket.","Clothing, Shoes & Jewelry",35.0,4.2,547,https://images-na.ssl-images-amazon.com/images/I/61zNTbduoLL.jpg,Under
amz_00179,Razor Jr. Lil' E Scooter,Electric fun for the little ones.,Sports & Outdoors,68.13,5.3,595,https://images-na.ssl-images-amazon.com/images/I/310hIyrAQWL.jpg,Razor
amz_00180,Forum Women's Egyptian Priestess Deluxe Costume,Look for matching pharaoh outfit for a perfect couples costume.,General,49.99,3.6,257,https://images-na.ssl-images-amazon.com/images/I/41hkx1EQ6dL.jpg,Forum
amz_00181,Animal Adventure | Wild for Style | Sequin Pouf | Gold/Black,"On-trend colors, fabrics, and embellishments that appeal to the senses and compliment popular room décor themes.",Home & Kitchen,57.08,2.1,134,https://images-na.ssl-images-amazon.com/images/I/51zYSC65oxL.jpg,Animal
amz_00182,Avengers Marvel Endgame Titan Hero Marvel’s War Machine,12-Inch-scale Marvel War machine figure with movie-inspired design.,General,14.99,2.1,199,https://images-na.ssl-images-amazon.com/images/I/415yCHaAW3L.jpg,Avengers
amz_00183,3Doodler Create 4 Pack Plastic Bundle with Licensed Farnsworth House Stencil (3D Pen Not Included),This kit does not include a 3Doodler create pen.,Toys & Games,17.82,2.4,120,https://images-na.ssl-images-amazon.com/images/I/51-I6o1i6tL.jpg,3Doodler
amz_00184,Kindi Kids Fun Delivery Scooter and 2 Shopkins,Load up the Kindi Kids Fun Delivery Scooter and ride around Rainbow Kindi.,Toys & Games,14.99,1.5,178,https://images-na.ssl-images-amazon.com/images/I/410fVZfftuL.jpg,Kindi
amz_00185,DC Comics Red Robin Ikemen Statue,"The third ikemen to join the lineup is batman’s third sidekick, the red Robin Tim Drake the high level of care taken in the sculpting of times youthful and toned form makes this ikemen a must for all red Robin fans, and the subtle details of his eye-catching red costume are expertly recreated with a stunning paint job.",General,59.89,4.9,490,https://images-na.ssl-images-amazon.com/images/I/41U2kQ30-jL.jpg,Generic
amz_00186,GE Animation Great Eastern GE-52997 Attack On Titan Eren Sitting Pose Stuffed Plush,Official product by great Eastern.,Toys & Games,39.99,5.9,322,https://images-na.ssl-images-amazon.com/images/I/41iUErDFc8L.jpg,Generic
amz_00187,Hape Wooden Doll House Furniture Media Room Set,"Includes a TV, table, couch, chair, plant, rug, and fireplace.",Toys & Games,19.5,5.4,305,https://images-na.ssl-images-amazon.com/images/I/518etGLCFxL.jpg,Hape
amz_00188,"Mobilo PLASTICANT 260 260-FLOW Basic, Red, Blue, Yellow…",1 funnel with adjustable flow and 2 paddle-wheels.,Toys & Games,34.99,3.2,552,https://images-na.ssl-images-amazon.com/images/I/41HJnVe9jSL.jpg,Mobilo
amz_00189,"Looking Glass Peter the Rabbit Miniature Glass Collectible, Pack of 48",Great Condition.,Toys & Games,113.37,4.4,833,https://images-na.ssl-images-amazon.com/images/I/41LdyOyCn4L.jpg,Looking
amz_00190,"Seating Circles Rug, 8' x 12'",Made with double stitched edges and stain protection materials.,Home & Kitchen,552.71,3.1,556,https://images-na.ssl-images-amazon.com/images/I/41fGWE%2BTwWL.jpg,Seating
amz_00191,Breyer Stablemates Stable Surprise | 2 Horse Set | 1:32 Scale | Model #6049,PRODUCT SPECIFICATIONS: Package contains 2 Breyer Stablemates -- Horse and Foal.,General,59.99,3.3,358,https://images-na.ssl-images-amazon.com/images/I/41M7s9GnSVL.jpg,Breyer
amz_00192,Fiesta Toys Lubby Cubbies Blue Berry The Penguin Plush Stuffed Toy - 3.5 Inches,3.5 Inch Lubby Cubbies Blue Berry the Penguin.,Toys & Games,9.99,4.2,315,https://images-na.ssl-images-amazon.com/images/I/51s2HwCmLyL.jpg,Fiesta
amz_00193,"Transformers Toys Studio Series 52 Deluxe Revenge of The Fallen Movie Arcee Chromia Elita-1 Action Figure 3 Pack, 4.5""","4.5-Inch scale arcee, Chromonica, and Elite: figures are highly articulated, featuring vivid, movie-inspired deco, and include 3 stands and 3 detailed accessories.",Toys & Games,19.99,5.6,795,https://images-na.ssl-images-amazon.com/images/I/411bgJb5fwL.jpg,Transformers
amz_00194,"Crayola Mini Twistables Crayons, 24 Classic Colors Non-Toxic Art Tools for Kids & Toddlers 3 & Up, Great for Kids Classrooms Or Preschools, Self-Sharpening No-Mess Twist-Up Crayons",This pack offers 24 Mini Twistables Crayons in assorted colors.,Toys & Games,4.47,5.7,943,https://images-na.ssl-images-amazon.com/images/I/516iYl9wuoL.jpg,Crayola
amz_00195,"ARRMA 1/8 TYPHON 4X4 3S BLX Brushless 4WD RC Buggy RTR with 2.4GHz Radio (Battery Not Included), Red (ARA102722)",4xAA Batteries for Radio.,Toys & Games,304.08,5.3,910,https://images-na.ssl-images-amazon.com/images/I/4179IJy4AuL.jpg,ARRMA
amz_00196,"Bandai Shokugan Mobile Suit Gundam Assault Kingdom 8 Action Figure, (Styles may vary) (Pack of 1)","Also features 'MASTER GUNDAM' from MOBILE FIGHTER G GUNDAM, and 'RICK DOM' from MOBILE SUIT GUNDAM.",Toys & Games,51.56,4.8,195,https://images-na.ssl-images-amazon.com/images/I/51z5f4Q42-L.jpg,Bandai
amz_00197,"Munchkin Ocean Squirts Bath Toy, 8 pack","Includes 8 water-squirting, floating ocean friends.",Toys & Games,8.99,5.1,373,https://images-na.ssl-images-amazon.com/images/I/31EltOJ6EcL.jpg,Munchkin
amz_00198,Learning Resources Canadian Currency-X-Change,"Includes 110 plastic Canadian coins and 100 Bills, sectioned plastic Money Tray, and bilingual activity guide.",Office Products,19.86,4.4,865,https://images-na.ssl-images-amazon.com/images/I/51bUH%2BLU5lL.jpg,Learning
amz_00199,Peppa Pig Bakery Shop Little Places Playset,Go with Peppa Pig to the Little Bakery Shop and enjoy some yummy treats and a cup of tea.,Toys & Games,13.02,4.2,13,https://images-na.ssl-images-amazon.com/images/I/41rXRW6sWEL.jpg,Peppa
